<?xml version="1.0" encoding="UTF-8" standalone="no"?>
<project>
	<configuration id="preference.org.eclipse.cdt.managedbuilder.core.configurationDataProvider.549263124" name="Nios II">
		<extension point="org.eclipse.cdt.core.LanguageSettingsProvider">
			<provider class="com.altera.sbtgui.project.importer.Nios2GCCBuiltinSpecsDetector" console="false" env-hash="1407305381852868034" id="altera.tool.Nios2GCCBuiltinSpecsDetector" keep-relative-paths="false" name="Nios II GCC Built-in Compiler Settings" parameter="${COMMAND} ${FLAGS} -E -P -v -dD &quot;${INPUTS}&quot;" prefer-non-shared="true">
				<language-scope id="org.eclipse.cdt.core.gcc"/>
				<language-scope id="org.eclipse.cdt.core.g++"/>
			</provider>
			<provider copy-of="extension" id="altera.tool.Nios2GCCBuildCommandParser"/>
			<provider copy-of="extension" id="org.eclipse.cdt.ui.UserLanguageSettingsProvider"/>
			<provider-reference id="org.eclipse.cdt.core.ReferencedProjectsLanguageSettingsProvider" ref="shared-provider"/>
			<provider-reference id="org.eclipse.cdt.managedbuilder.core.MBSLanguageSettingsProvider" ref="shared-provider"/>
		</extension>
	</configuration>
</project>
