# system info nios_security on 2023.07.04.15:34:19
system_info:
name,value
DEVICE,10M50DAF484C7G
DEVICE_FAMILY,MAX 10
GENERATION_ID,1688452450
#
#
# Files generated for nios_security on 2023.07.04.15:34:19
files:
filepath,kind,attributes,module,is_top
simulation/nios_security.v,VERILOG,,nios_security,true
simulation/submodules/nios_security_GPS.v,VERILOG,,nios_security_GPS,false
simulation/submodules/nios_security_ID.v,VERILOG,,nios_security_ID,false
simulation/submodules/nios_security_JTAG.v,VERILOG,,nios_security_JTAG,false
simulation/submodules/nios_security_NIOSII.v,VERILOG,,nios_security_NIOSII,false
simulation/submodules/nios_security_RAM.v,VERILOG,,nios_security_RAM,false
simulation/submodules/nios_security_STOP.v,VERILOG,,nios_security_STOP,false
simulation/submodules/nios_security_UART1.v,VERILOG,,nios_security_UART1,false
simulation/submodules/nios_security_mm_interconnect_0.v,VERILOG,,nios_security_mm_interconnect_0,false
simulation/submodules/nios_security_irq_mapper.sv,SYSTEM_VERILOG,,nios_security_irq_mapper,false
simulation/submodules/altera_reset_controller.v,VERILOG,,altera_reset_controller,false
simulation/submodules/altera_reset_synchronizer.v,VERILOG,,altera_reset_controller,false
simulation/submodules/altera_reset_controller.sdc,SDC,,altera_reset_controller,false
simulation/submodules/nios_security_NIOSII_cpu.sdc,SDC,,nios_security_NIOSII_cpu,false
simulation/submodules/nios_security_NIOSII_cpu.v,VERILOG,,nios_security_NIOSII_cpu,false
simulation/submodules/nios_security_NIOSII_cpu_debug_slave_sysclk.v,VERILOG,,nios_security_NIOSII_cpu,false
simulation/submodules/nios_security_NIOSII_cpu_debug_slave_tck.v,VERILOG,,nios_security_NIOSII_cpu,false
simulation/submodules/nios_security_NIOSII_cpu_debug_slave_wrapper.v,VERILOG,,nios_security_NIOSII_cpu,false
simulation/submodules/nios_security_NIOSII_cpu_nios2_waves.do,OTHER,,nios_security_NIOSII_cpu,false
simulation/submodules/nios_security_NIOSII_cpu_ociram_default_contents.dat,DAT,,nios_security_NIOSII_cpu,false
simulation/submodules/nios_security_NIOSII_cpu_ociram_default_contents.hex,HEX,,nios_security_NIOSII_cpu,false
simulation/submodules/nios_security_NIOSII_cpu_ociram_default_contents.mif,MIF,,nios_security_NIOSII_cpu,false
simulation/submodules/nios_security_NIOSII_cpu_rf_ram_a.dat,DAT,,nios_security_NIOSII_cpu,false
simulation/submodules/nios_security_NIOSII_cpu_rf_ram_a.hex,HEX,,nios_security_NIOSII_cpu,false
simulation/submodules/nios_security_NIOSII_cpu_rf_ram_a.mif,MIF,,nios_security_NIOSII_cpu,false
simulation/submodules/nios_security_NIOSII_cpu_rf_ram_b.dat,DAT,,nios_security_NIOSII_cpu,false
simulation/submodules/nios_security_NIOSII_cpu_rf_ram_b.hex,HEX,,nios_security_NIOSII_cpu,false
simulation/submodules/nios_security_NIOSII_cpu_rf_ram_b.mif,MIF,,nios_security_NIOSII_cpu,false
simulation/submodules/nios_security_NIOSII_cpu_test_bench.v,VERILOG,,nios_security_NIOSII_cpu,false
simulation/submodules/altera_merlin_master_translator.sv,SYSTEM_VERILOG,,altera_merlin_master_translator,false
simulation/submodules/altera_merlin_slave_translator.sv,SYSTEM_VERILOG,,altera_merlin_slave_translator,false
simulation/submodules/altera_merlin_master_agent.sv,SYSTEM_VERILOG,,altera_merlin_master_agent,false
simulation/submodules/altera_merlin_slave_agent.sv,SYSTEM_VERILOG,,altera_merlin_slave_agent,false
simulation/submodules/altera_merlin_burst_uncompressor.sv,SYSTEM_VERILOG,,altera_merlin_slave_agent,false
simulation/submodules/altera_avalon_sc_fifo.v,VERILOG,,altera_avalon_sc_fifo,false
simulation/submodules/nios_security_mm_interconnect_0_router.sv,SYSTEM_VERILOG,,nios_security_mm_interconnect_0_router,false
simulation/submodules/nios_security_mm_interconnect_0_router_001.sv,SYSTEM_VERILOG,,nios_security_mm_interconnect_0_router_001,false
simulation/submodules/nios_security_mm_interconnect_0_router_002.sv,SYSTEM_VERILOG,,nios_security_mm_interconnect_0_router_002,false
simulation/submodules/nios_security_mm_interconnect_0_router_004.sv,SYSTEM_VERILOG,,nios_security_mm_interconnect_0_router_004,false
simulation/submodules/nios_security_mm_interconnect_0_cmd_demux.sv,SYSTEM_VERILOG,,nios_security_mm_interconnect_0_cmd_demux,false
simulation/submodules/nios_security_mm_interconnect_0_cmd_demux_001.sv,SYSTEM_VERILOG,,nios_security_mm_interconnect_0_cmd_demux_001,false
simulation/submodules/nios_security_mm_interconnect_0_cmd_mux.sv,SYSTEM_VERILOG,,nios_security_mm_interconnect_0_cmd_mux,false
simulation/submodules/altera_merlin_arbitrator.sv,SYSTEM_VERILOG,,nios_security_mm_interconnect_0_cmd_mux,false
simulation/submodules/nios_security_mm_interconnect_0_cmd_mux_002.sv,SYSTEM_VERILOG,,nios_security_mm_interconnect_0_cmd_mux_002,false
simulation/submodules/altera_merlin_arbitrator.sv,SYSTEM_VERILOG,,nios_security_mm_interconnect_0_cmd_mux_002,false
simulation/submodules/nios_security_mm_interconnect_0_rsp_demux.sv,SYSTEM_VERILOG,,nios_security_mm_interconnect_0_rsp_demux,false
simulation/submodules/nios_security_mm_interconnect_0_rsp_demux_002.sv,SYSTEM_VERILOG,,nios_security_mm_interconnect_0_rsp_demux_002,false
simulation/submodules/nios_security_mm_interconnect_0_rsp_mux.sv,SYSTEM_VERILOG,,nios_security_mm_interconnect_0_rsp_mux,false
simulation/submodules/altera_merlin_arbitrator.sv,SYSTEM_VERILOG,,nios_security_mm_interconnect_0_rsp_mux,false
simulation/submodules/nios_security_mm_interconnect_0_rsp_mux_001.sv,SYSTEM_VERILOG,,nios_security_mm_interconnect_0_rsp_mux_001,false
simulation/submodules/altera_merlin_arbitrator.sv,SYSTEM_VERILOG,,nios_security_mm_interconnect_0_rsp_mux_001,false
simulation/submodules/nios_security_mm_interconnect_0_avalon_st_adapter.v,VERILOG,,nios_security_mm_interconnect_0_avalon_st_adapter,false
simulation/submodules/nios_security_mm_interconnect_0_avalon_st_adapter_error_adapter_0.sv,SYSTEM_VERILOG,,nios_security_mm_interconnect_0_avalon_st_adapter_error_adapter_0,false
#
# Map from instance-path to kind of module
instances:
instancePath,module
nios_security.GPS,nios_security_GPS
nios_security.ID,nios_security_ID
nios_security.JTAG,nios_security_JTAG
nios_security.NIOSII,nios_security_NIOSII
nios_security.NIOSII.cpu,nios_security_NIOSII_cpu
nios_security.RAM,nios_security_RAM
nios_security.STOP,nios_security_STOP
nios_security.UART1,nios_security_UART1
nios_security.mm_interconnect_0,nios_security_mm_interconnect_0
nios_security.mm_interconnect_0.NIOSII_data_master_translator,altera_merlin_master_translator
nios_security.mm_interconnect_0.NIOSII_instruction_master_translator,altera_merlin_master_translator
nios_security.mm_interconnect_0.JTAG_avalon_jtag_slave_translator,altera_merlin_slave_translator
nios_security.mm_interconnect_0.ID_control_slave_translator,altera_merlin_slave_translator
nios_security.mm_interconnect_0.NIOSII_debug_mem_slave_translator,altera_merlin_slave_translator
nios_security.mm_interconnect_0.UART1_s1_translator,altera_merlin_slave_translator
nios_security.mm_interconnect_0.RAM_s1_translator,altera_merlin_slave_translator
nios_security.mm_interconnect_0.STOP_s1_translator,altera_merlin_slave_translator
nios_security.mm_interconnect_0.GPS_s1_translator,altera_merlin_slave_translator
nios_security.mm_interconnect_0.NIOSII_data_master_agent,altera_merlin_master_agent
nios_security.mm_interconnect_0.NIOSII_instruction_master_agent,altera_merlin_master_agent
nios_security.mm_interconnect_0.JTAG_avalon_jtag_slave_agent,altera_merlin_slave_agent
nios_security.mm_interconnect_0.ID_control_slave_agent,altera_merlin_slave_agent
nios_security.mm_interconnect_0.NIOSII_debug_mem_slave_agent,altera_merlin_slave_agent
nios_security.mm_interconnect_0.UART1_s1_agent,altera_merlin_slave_agent
nios_security.mm_interconnect_0.RAM_s1_agent,altera_merlin_slave_agent
nios_security.mm_interconnect_0.STOP_s1_agent,altera_merlin_slave_agent
nios_security.mm_interconnect_0.GPS_s1_agent,altera_merlin_slave_agent
nios_security.mm_interconnect_0.JTAG_avalon_jtag_slave_agent_rsp_fifo,altera_avalon_sc_fifo
nios_security.mm_interconnect_0.ID_control_slave_agent_rsp_fifo,altera_avalon_sc_fifo
nios_security.mm_interconnect_0.NIOSII_debug_mem_slave_agent_rsp_fifo,altera_avalon_sc_fifo
nios_security.mm_interconnect_0.UART1_s1_agent_rsp_fifo,altera_avalon_sc_fifo
nios_security.mm_interconnect_0.RAM_s1_agent_rsp_fifo,altera_avalon_sc_fifo
nios_security.mm_interconnect_0.STOP_s1_agent_rsp_fifo,altera_avalon_sc_fifo
nios_security.mm_interconnect_0.GPS_s1_agent_rsp_fifo,altera_avalon_sc_fifo
nios_security.mm_interconnect_0.router,nios_security_mm_interconnect_0_router
nios_security.mm_interconnect_0.router_001,nios_security_mm_interconnect_0_router_001
nios_security.mm_interconnect_0.router_002,nios_security_mm_interconnect_0_router_002
nios_security.mm_interconnect_0.router_003,nios_security_mm_interconnect_0_router_002
nios_security.mm_interconnect_0.router_007,nios_security_mm_interconnect_0_router_002
nios_security.mm_interconnect_0.router_008,nios_security_mm_interconnect_0_router_002
nios_security.mm_interconnect_0.router_004,nios_security_mm_interconnect_0_router_004
nios_security.mm_interconnect_0.router_005,nios_security_mm_interconnect_0_router_004
nios_security.mm_interconnect_0.router_006,nios_security_mm_interconnect_0_router_004
nios_security.mm_interconnect_0.cmd_demux,nios_security_mm_interconnect_0_cmd_demux
nios_security.mm_interconnect_0.cmd_demux_001,nios_security_mm_interconnect_0_cmd_demux_001
nios_security.mm_interconnect_0.cmd_mux,nios_security_mm_interconnect_0_cmd_mux
nios_security.mm_interconnect_0.cmd_mux_001,nios_security_mm_interconnect_0_cmd_mux
nios_security.mm_interconnect_0.cmd_mux_005,nios_security_mm_interconnect_0_cmd_mux
nios_security.mm_interconnect_0.cmd_mux_006,nios_security_mm_interconnect_0_cmd_mux
nios_security.mm_interconnect_0.cmd_mux_002,nios_security_mm_interconnect_0_cmd_mux_002
nios_security.mm_interconnect_0.cmd_mux_003,nios_security_mm_interconnect_0_cmd_mux_002
nios_security.mm_interconnect_0.cmd_mux_004,nios_security_mm_interconnect_0_cmd_mux_002
nios_security.mm_interconnect_0.rsp_demux,nios_security_mm_interconnect_0_rsp_demux
nios_security.mm_interconnect_0.rsp_demux_001,nios_security_mm_interconnect_0_rsp_demux
nios_security.mm_interconnect_0.rsp_demux_005,nios_security_mm_interconnect_0_rsp_demux
nios_security.mm_interconnect_0.rsp_demux_006,nios_security_mm_interconnect_0_rsp_demux
nios_security.mm_interconnect_0.rsp_demux_002,nios_security_mm_interconnect_0_rsp_demux_002
nios_security.mm_interconnect_0.rsp_demux_003,nios_security_mm_interconnect_0_rsp_demux_002
nios_security.mm_interconnect_0.rsp_demux_004,nios_security_mm_interconnect_0_rsp_demux_002
nios_security.mm_interconnect_0.rsp_mux,nios_security_mm_interconnect_0_rsp_mux
nios_security.mm_interconnect_0.rsp_mux_001,nios_security_mm_interconnect_0_rsp_mux_001
nios_security.mm_interconnect_0.avalon_st_adapter,nios_security_mm_interconnect_0_avalon_st_adapter
nios_security.mm_interconnect_0.avalon_st_adapter.error_adapter_0,nios_security_mm_interconnect_0_avalon_st_adapter_error_adapter_0
nios_security.mm_interconnect_0.avalon_st_adapter_001,nios_security_mm_interconnect_0_avalon_st_adapter
nios_security.mm_interconnect_0.avalon_st_adapter_001.error_adapter_0,nios_security_mm_interconnect_0_avalon_st_adapter_error_adapter_0
nios_security.mm_interconnect_0.avalon_st_adapter_002,nios_security_mm_interconnect_0_avalon_st_adapter
nios_security.mm_interconnect_0.avalon_st_adapter_002.error_adapter_0,nios_security_mm_interconnect_0_avalon_st_adapter_error_adapter_0
nios_security.mm_interconnect_0.avalon_st_adapter_003,nios_security_mm_interconnect_0_avalon_st_adapter
nios_security.mm_interconnect_0.avalon_st_adapter_003.error_adapter_0,nios_security_mm_interconnect_0_avalon_st_adapter_error_adapter_0
nios_security.mm_interconnect_0.avalon_st_adapter_004,nios_security_mm_interconnect_0_avalon_st_adapter
nios_security.mm_interconnect_0.avalon_st_adapter_004.error_adapter_0,nios_security_mm_interconnect_0_avalon_st_adapter_error_adapter_0
nios_security.mm_interconnect_0.avalon_st_adapter_005,nios_security_mm_interconnect_0_avalon_st_adapter
nios_security.mm_interconnect_0.avalon_st_adapter_005.error_adapter_0,nios_security_mm_interconnect_0_avalon_st_adapter_error_adapter_0
nios_security.mm_interconnect_0.avalon_st_adapter_006,nios_security_mm_interconnect_0_avalon_st_adapter
nios_security.mm_interconnect_0.avalon_st_adapter_006.error_adapter_0,nios_security_mm_interconnect_0_avalon_st_adapter_error_adapter_0
nios_security.irq_mapper,nios_security_irq_mapper
nios_security.rst_controller,altera_reset_controller
